%Origin Airport Market ID	Origin Market
30003	"Granite Mountain, AK"
30004	"Lik, AK"
30005	"Little Squaw, AK"
30006	"Kizhuyak, AK"
30007	"Klawock, AK"
30008	"Elizabeth Island, AK"
30009	"Homer, AK"
30010	"Hudson, NY"
30011	"Peach Springs, AZ"
30013	"Crosbyton, TX"
30015	"Deadmans Bay, AK"
30016	"Hallo Bay, AK"
30017	"Red Lake, AK"
30020	"Selawik, AK"
30025	"Cinnabar, AK"
30026	"Mountaintop Mine, AK"
30030	"Port Vita, AK"
30032	"Lonely, AK"
30033	"Alpine, AK"
30036	"Bradley Lake, AK"
30039	"Ivotuk, AK"
30040	"Pogo Mines, AK"
30041	"Ayakulik River, AK"
30042	"Kiluda Bay, AK"
30044	"Selief Bay, AK"
30049	"Deep Bay, AK"
30050	"Kako, AK"
30053	"Cape Simpson, AK"
30064	"Wien Lake, AK"
30065	"Silver Salmon Creek, AK"
30069	"Bear Lake, AK"
30070	"Kodiak, AK"
30073	"Deadhorse, AK"
30076	"Yukon Charley Rivvers, AK"
30082	"Cold Bay, AK"
30085	"Chinitna Bay, AK"
30086	"McKinley Park, AK"
30089	"Red Fox Bay, AK"
30096	"Petrof Point, AK"
30097	"Denali, AK"
30107	"Barrow, AK"
30110	"Akulik, AK"
30111	"Deadfall, AK"
30113	"Bethel, AK"
30114	"Trading Bay, AK"
30116	"Kachemak Bay, AK"
30125	"Aalborg, Denmark"
30130	"Aarhus, Denmark"
30135	"Allentown/Bethlehem/Easton, PA"
30136	"Abilene, TX"
30139	"Ambler, AK"
30140	"Albuquerque, NM"
30141	"Aberdeen, SD"
30144	"Abuja, Nigeria"
30146	"Albany, GA"
30148	"Acapulco, Mexico"
30149	"Bellaire, MI"
30150	"Accra, Ghana"
30151	"Arrecife, Spain"
30154	"Nantucket, MA"
30155	"Waco, TX"
30157	"Eureka/Arcata, CA"
30158	"Atlantic City, NJ"
30159	"Adana, Turkey"
30162	"Addis Ababa, Ethiopia"
30164	"Amman, Jordan"
30165	"Adak Island, AK"
30167	"Ardmore, OK"
30172	"Camp Springs, MD"
30181	"Buenos Aires, Argentina"
30184	"Allakaket, AK"
30185	"Alexandria, LA"
30186	"Akureyri, Iceland"
30189	"Colorado Springs, CO"
30190	"Nebraska, NE"
30192	"Wadesboro, NC"
30194	"Dallas/Fort Worth, TX"
30196	"Agadir, Morocco"
30198	"Pittsburgh, PA"
30204	"Angoon, AK"
30205	"Malaga, Spain"
30208	"Augusta, GA"
30209	"Ciudad del Este, Paraguay"
30210	"Aguascalientes, Mexico"
30216	"Athens, GA"
30221	"Alliance, NE"
30223	"Anderson, IN"
30224	"Aiken, SC"
30225	"Wainwright, AK"
30237	"Atka, AK"
30241	"Akiak, AK"
30243	"Akhiok, AK"
30244	"Auckland, New Zealand"
30245	"King Salmon, AK"
30247	"Anaktuvuk Pass, AK"
30248	"Akure, Nigeria"
30254	"Alabaster, AL"
30255	"Huntsville, AL"
30256	"Almaty, Kazakhstan"
30257	"Albany, NY"
30261	"Algiers, Algeria"
30266	"Alamogordo, NM"
30268	"Waterloo, IA"
30272	"Alamosa, CO"
30275	"Walla Walla, WA"
30278	"Lazy Bay, AK"
30279	"Amarillo, TX"
30285	"Durango, CO"
30292	"Amsterdam, Netherlands"
30294	"Ames, IA"
30298	"Anniston, AL"
30299	"Anchorage, AK"
30300	"Anderson, SC"
30302	"Antofagasta, Chile"
30304	"Aniak, AK"
30305	"Ankara, Turkey"
30309	"Annapolis, MD"
30312	"St. Johns, Antigua and Barbuda"
30313	"Anvik, AK"
30317	"Lima, OH"
30319	"Aomori, Japan"
30322	"Altoona, PA"
30324	"Amook Bay, AK"
30325	"Denver, CO"
30327	"Napa, CA"
30329	"Naples, FL"
30333	"Alpena, MI"
30338	"Apia, Samoa"
30345	"Russellville, AR"
30347	"New Iberia, LA"
30349	"Arctic Village, AK"
30357	"Stockholm, Sweden"
30361	"Watertown, NY"
30371	"Andros Town, The Bahamas"
30372	"Aspen, CO"
30374	"Nashua, NH"
30380	"Talladega, AL"
30385	"Astoria/Seaside, OR"
30386	"Asuncion, Paraguay"
30388	"Ashland, WI"
30394	"Athens, Greece"
30396	"Atqasuk, AK"
30397	"Atlanta, GA (Metropolitan Area)"
30405	"Atmautluak, AK"
30406	"Attu, AK"
30408	"Appleton, WI"
30409	"Watertown, SD"
30411	"Aruba, Aruba"
30414	"Augusta/Waterville, ME"
30415	"Abu Dhabi, United Arab Emirates"
30416	"Alakanuk, AK"
30417	"Austin/Albert Lea, MN"
30419	"Auburn, AL"
30423	"Austin, TX"
30424	"Wausau/Mosinee/Stevens Point, WI"
30427	"Aurora, IL"
30428	"Aviano, Italy"
30431	"Asheville, NC"
30432	"Avignon, France"
30434	"Scranton/Wilkes-Barre, PA"
30436	"Tucson, AZ"
30439	"Wake Island, TT"
30444	"The Valley, Anguilla"
30448	"Armenia, Colombia"
30449	"Alexandria, MN"
30452	"Akita, Japan"
30463	"Grand Canyon, AZ"
30466	"Phoenix, AZ"
30469	"Kalamazoo, MI"
30470	"Samana, Dominican Republic"
30471	"Biddeford, ME"
30476	"Shreveport, LA"
30478	"Westfield, MA"
30480	"Manama, Bahrain"
30482	"Baku, Azerbaijan"
30486	"Barranquilla, Colombia"
30500	"Basse Terre, Guadeloupe"
30503	"Bucharest, Romania"
30504	"Blue Bell, PA"
30508	"Blacksburg, VA"
30511	"Bryce Canyon, UT"
30517	"Barcelona, Spain"
30519	"Boca Raton, FL"
30521	"Hamilton, Bermuda"
30529	"Hartford, CT"
30535	"Bridgeport, CT"
30538	"Bandon, OR"
30540	"Bedford, MA"
30542	"Belgrade, Serbia"
30543	"Benton Harbor/St. Joseph, MI"
30547	"Benghazi, Libya"
30549	"Berlin, Germany"
30556	"Blue Fox Bay, AK"
30557	"Bradford, PA"
30558	"Scottsbluff, NE"
30559	"Seattle, WA"
30561	"Bakersfield, CA"
30562	"Mobile, AL"
30568	"Belfast, United Kingdom"
30569	"Beaufort, SC"
30575	"Barbados/Bridgetown, Barbados"
30577	"Binghamton, NY"
30579	"Bergen, Norway"
30581	"Bangor, ME"
30589	"Bar Harbor, ME"
30590	"Bullhead City, AZ"
30599	"Birmingham, AL"
30604	"Bathurst, Australia"
30608	"Birmingham, United Kingdom"
30610	"Belo Horizonte, Brazil"
30612	"Big Creek, AK"
30613	"Block Island, RI"
30615	"El Paso, TX"
30616	"Big Delta, AK"
30617	"Bishop, CA"
30620	"Billings, MT"
30621	"Bimini, The Bahamas"
30623	"Bilbao, Spain"
30627	"Bismarck/Mandan, ND"
30629	"Biloxi, MS"
30630	"Broomfield, CO"
30631	"Bemidji, MN"
30638	"Leon/Guanajuato, Mexico"
30640	"Buckland, AK"
30643	"Branson, MO"
30646	"Bangkok, Thailand"
30647	"Cleveland, OH (Metropolitan Area)"
30654	"Beckley, WV"
30655	"Brookings, SD"
30658	"Barcelona, Venezuela"
30659	"Balboa, Panama"
30661	"Boulder City, NV"
30663	"Princeton/Bluefield, WV"
30664	"Belaga, Malaysia"
30666	"Bellingham, WA"
30669	"Billund, Denmark"
30670	"Belmar/Farmingdale, NJ"
30673	"Bologna, Italy"
30676	"Belleville, IL"
30683	"Bloomington, IN"
30685	"Bloomington/Normal, IL"
30692	"Big Mountain, AK"
30693	"Nashville, TN"
30696	"Brisbane, Australia"
30710	"Bordeaux, France"
30711	"Bogota, Colombia"
30713	"Boise, ID"
30714	"Burgas, Bulgaria"
30715	"Brookings, OR"
30716	"Mumbai, India"
30717	"Bonaire, Bonaire, Sint Eustatius, and Saba"
30718	"Bodo, Norway"
30721	"Boston, MA (Metropolitan Area)"
30728	"Beaumont/Port Arthur, TX"
30730	"London, United Kingdom"
30731	"Brunswick, GA"
30732	"Aguadilla, PR"
30739	"Brainerd, MN"
30741	"Whitesburg, KY"
30744	"Burlington, IA"
30745	"Barquisimeto, Venezuela"
30746	"Berne, Switzerland"
30747	"Brownsville, TX"
30750	"Bristol, United Kingdom"
30752	"Brussels, Belgium"
30758	"Brasilia, Brazil"
30762	"Mulhouse, France"
30764	"Basco, Philippines"
30770	"Bartletts, AK"
30775	"Barter Island, AK"
30778	"Battle Creek, MI"
30779	"Butte, MT"
30781	"Baton Rouge, LA"
30783	"Bettles, AK"
30785	"Burlington, VT"
30790	"Budapest, Hungary"
30792	"Buffalo, NY"
30809	"Beaver Inlet, AK"
30811	"Bartlesville, OK"
30812	"St. James, MI"
30815	"Beverly, MA"
30817	"Brownwood, TX"
30819	"Bowling Green, KY"
30824	"Bandar Seri Begawan, Brunei"
30825	"Blaine, WA"
30838	"Blytheville, AR"
30844	"Blakely Island, WA"
30846	"Belize City, Belize"
30849	"Bozeman, MT"
30852	"Washington, DC (Metropolitan Area)"
30856	"Brize Norton, United Kingdom"
30857	"Camarillo, CA"
30860	"Lake Simcoe, Canada"
30863	"Calgary, Canada"
30867	"Cadillac, MI"
30868	"Columbia, SC"
30872	"Cairo, Egypt"
30877	"Guangzhou, China"
30878	"Cap-Haitien, Haiti"
30880	"Casablanca, Morocco"
30884	"Cayenne, French Guiana"
30888	"Cumberland, MD"
30894	"Columbus, MS"
30911	"Caracas, Venezuela"
30913	"Cordova, AK"
30918	"Cedar City, UT"
30920	"Paris, France"
30923	"Candle, AK"
30925	"Chadron, NE"
30927	"Caldwell, NJ"
30928	"Wichita, KS"
30929	"Cebu, Philippines"
30930	"Crescent City, CA"
30933	"Chicopee Falls, MA"
30938	"Central, AK"
30942	"Cannes, France"
30946	"Connersville, IN"
30947	"Crestview, FL"
30948	"Chena Hot Springs, AK"
30950	"Cortez, CO"
30951	"Coffee Point, AK"
30952	"Cabo Frio, Brazil"
30954	"Cienfuegos, Cuba"
30955	"Silver City, Canada"
30956	"Caen, France"
30958	"Clifton, AZ"
30961	"Craig, AK"
30966	"Sao Paulo, Brazil"
30967	"Cape Girardeau, MO"
30968	"Jakarta, Indonesia"
30970	"Cologne/Dusseldorf, Germany"
30971	"Zhengzhou, China"
30977	"Chicago, IL"
30980	"Chattanooga, TN"
30981	"Christchurch, New Zealand"
30990	"Charlottesville, VA"
30991	"Circle Hot Springs, AK"
30993	"Chateauroux, France"
30994	"Charleston, SC"
30996	"Chuathbaluk, AK"
30999	"Chiloquin, OR"
31000	"Rome, Italy"
31002	"Chico, CA"
31003	"Cedar Rapids/Iowa City, IA"
31004	"Craig, CO"
31007	"Chalkyitsik, AK"
31008	"Council, AK"
31013	"Sault Ste. Marie, MI"
31014	"Chomley, AK"
31015	"Canouan, Saint Vincent and the Grenadines"
31021	"Crafton Island, AK"
31024	"Ciudad Juarez, Mexico"
31025	"Jeju, South Korea"
31027	"Clarksburg/Fairmont, WV"
31028	"Crooked Creek, AK"
31032	"Cancun, Mexico"
31035	"Clarksville, TN"
31036	"Chicken, AK"
31037	"Conakry, Guinea"
31041	"Carlsbad, CA"
31043	"Clear, AK"
31044	"Coalinga, CA"
31048	"Clinton, OK"
31049	"College Station/Bryan, TX"
31050	"Port Angeles, WA"
31052	"Cali, Colombia"
31053	"Clarks Point, AK"
31057	"Charlotte, NC"
31058	"Columbus, IN"
31060	"Cunnamulla, Australia"
31063	"Ciudad del Carmen, Mexico"
31066	"Columbus, OH"
31067	"Champaign/Urbana, IL"
31075	"Camaguey, Cuba"
31076	"Hancock/Houghton, MI"
31085	"Carlsbad, NM"
31086	"Chino, CA"
31089	"Cairns, Australia"
31092	"Moab, UT"
31095	"Columbia, CA"
31097	"Cody, WY"
31098	"Coeur d'Alene, ID"
31099	"Cocoa Beach, FL"
31106	"Concord, NH"
31118	"Copenhagen, Denmark"
31120	"Copiapo, Chile"
31122	"Casper, WY"
31123	"St. Louis, MO"
31124	"Cape Town, South Africa"
31126	"Culebra, PR"
31135	"Myrtle Beach, SC"
31136	"Jacksonville, FL"
31138	"Luzon Island, Philippines"
31140	"Corpus Christi, TX"
31146	"Charleston/Dunbar, WV"
31150	"Columbus, GA"
31159	"Crossville, TN"
31160	"Changsha, China"
31164	"Cartagena, Colombia"
31170	"Sapporo, Japan"
31180	"Culiacan, Mexico"
31185	"Curacao, Curacao"
31187	"Chihuahua, Mexico"
31196	"Ciudad Victoria, Mexico"
31197	"Clovis, NM"
31198	"Corvallis, OR"
31204	"Curitiba, Brazil"
31205	"Lake Charles, LA"
31208	"Cardiff, United Kingdom"
31214	"Coldfoot, AK"
31215	"Vancouver, Canada"
31216	"Christmas Island, Kiribati"
31219	"Conroe, TX"
31223	"Cat Cay, The Bahamas"
31225	"Cayman Brac, Cayman Islands"
31227	"Chifornak, AK"
31230	"Chatham, AK"
31233	"Cheyenne, WY"
31234	"Cape Yakataga, AK"
31241	"Cape Romanzof, AK"
31244	"Cozumel, Mexico"
31245	"Chisana, AK"
31252	"Daytona Beach, FL"
31254	"Danang, Vietnam"
31257	"Daggett, CA"
31267	"Dayton, OH"
31274	"Dubuque, IA"
31279	"Dominica, Dominica"
31280	"Dahl Creek, AK"
31282	"Decatur, AL"
31283	"Dodge City, KS"
31288	"Decatur, IL"
31290	"Delhi, India"
31295	"Detroit, MI"
31299	"Danger Bay, AK"
31301	"Durango, Mexico"
31308	"Dothan, AL"
31315	"Dickinson, ND"
31317	"Diomede Island, AK"
31327	"Delta Junction, AK"
31332	"Dakar, Senegal"
31333	"Douala, Cameroon"
31335	"Del Rio, TX"
31336	"Dillingham, AK"
31337	"Duluth, MN"
31345	"Moscow, Russia"
31351	"Okinawa, Japan"
31359	"Dalton, GA"
31363	"Danville, IL"
31364	"Danbury, CT"
31367	"Dora Bay, AK"
31369	"Doha, Qatar"
31375	"Dover, DE"
31377	"Dugway, UT"
31380	"Denpasar, Indonesia"
31391	"Fort Drum, NY"
31396	"Georgetown, KY"
31399	"Whitmore, AZ"
31401	"Ketchikan, AK"
31402	"Haines, AK"
31405	"Cape Canaveral, FL"
31406	"Platinum, AK"
31410	"Drift River, AK"
31411	"Deering, AK"
31417	"Darwin, Australia"
31418	"Doncaster/Sheffield, United Kingdom"
31423	"Des Moines, IA"
31425	"Death Valley, CA"
31430	"Denton, TX"
31435	"Dublin, Ireland"
31441	"DuBois, PA"
31445	"Unalaska, AK"
31447	"Devils Lake, ND"
31452	"Davis/Woodland/Winters, CA"
31453	"Houston, TX"
31454	"Orlando, FL"
31455	"Dubai, United Arab Emirates"
31458	"Anadyr, Russia"
31463	"Eagle, AK"
31464	"Noatak, AK"
31468	"Kearney, NE"
31470	"Wenatchee, WA"
31471	"Eau Claire, WI"
31473	"Entebbe/Kampala, Uganda"
31481	"Panama City, FL"
31483	"Rocksprings, TX"
31484	"Edna Bay, AK"
31486	"Edenton, NC"
31488	"Edinburgh, United Kingdom"
31490	"Edwards, CA"
31492	"Eek, AK"
31493	"Keene, NH"
31501	"Chenega, AK"
31502	"Bergerac, France"
31503	"Eagle, CO"
31504	"Valparaiso, FL"
31508	"Wellington, KS"
31510	"Eagle River, WI"
31511	"Egegik, AK"
31512	"Cape Newenham, AK"
31517	"Fairbanks, AK"
31518	"Eindhoven, Netherlands"
31523	"Elkhart, IN"
31525	"Elko, NV"
31527	"Bessemer, AL"
31531	"El Dorado, AR"
31534	"North Eleuthera, The Bahamas"
31535	"Elim, AK"
31537	"Elmira/Corning, NY"
31538	"Ellensburg, WA"
31545	"Elfin Cove, AK"
31547	"Ely, NV"
31548	"Derby, United Kingdom"
31550	"Emmonak, AK"
31555	"Kenai, AK"
31557	"Enid, OK"
31559	"Nenana, AK"
31563	"Wendover, UT"
31564	"Kenosha, WI"
31565	"Medellin, Colombia"
31566	"Keokuk, IA"
31567	"Ephrata/Moses Lake, WA"
31577	"Erie, PA"
31584	"Madrid, Spain"
31587	"Escanaba, MI"
31588	"Eastsound, WA"
31592	"Easton, MD"
31603	"Eugene, OR"
31612	"Evansville, IN"
31614	"Evreux, France"
31615	"New Bedford/Fall River, MA"
31616	"Newton, KS"
31617	"New Bern/Morehead/Beaufort, NC"
31619	"Excursion Inlet, AK"
31620	"Exeter, United Kingdom"
31621	"Great Exuma, The Bahamas"
31624	"Key West, FL"
31627	"Murrieta/Temecula, CA"
31628	"Farnborough, United Kingdom"
31632	"False Island, AK"
31637	"Fargo, ND"
31638	"Fresno, CA"
31641	"Fayetteville, NC"
31646	"Friday Harbor, WA"
31647	"Oslo, Norway"
31648	"Kalispell, MT"
31650	"Minneapolis/St. Paul, MN"
31654	"Fort de France, Martinique"
31659	"Findlay, OH"
31667	"Fergus Falls, MN"
31669	"Frankfort, KY"
31672	"Fishers Island, NY"
31673	"Fort Huachuca, AZ"
31681	"Karlsruhe/Baden-Baden, Germany"
31684	"Franklin/Oil City, PA"
31695	"Flagstaff, AZ"
31699	"Florence, SC"
31700	"Florence, Italy"
31702	"Flat, AK"
31703	"New York City, NY (Metropolitan Area)"
31709	"Falmouth, MA"
31711	"Farmington, NM"
31712	"Greven, Germany"
31714	"Fort Myers, FL"
31719	"Fort Collins/Loveland, CO"
31720	"Funter Bay Alaska, AK"
31721	"Flint, MI"
31725	"Fort Dodge, IA"
31726	"Topeka, KS"
31728	"Westhampton, NY"
31730	"Fortaleza, Brazil"
31731	"Freeport, The Bahamas"
31732	"Fort Pierce, FL"
31746	"Lakenheath, United Kingdom"
31750	"Dry Bay, AK"
31756	"Fort Glenn, AK"
31760	"Frankfurt, Germany"
31764	"East Farmingdale, NY"
31771	"Bishkek, Kyrgyzstan"
31773	"Fryeburg, ME"
31775	"Sioux Falls, SD"
31778	"Fort Smith, AR"
31781	"Shizuoka, Japan"
31793	"Fukuoka, Japan"
31803	"Wickenburg, AZ"
31811	"Aurora, OR"
31813	"Donlin Creek Mine, AK"
31816	"Latacunga, Ecuador"
31820	"Grace Harbor, AK"
31823	"Fort Wayne, IN"
31825	"Farewell, AK"
31833	"Fort Yukon, AK"
31834	"Fayetteville, AR"
31840	"Gadsden, AL"
31842	"Gaithersburg, MD"
31844	"Galena, AK"
31845	"Gambell, AK"
31847	"Guantanamo, Cuba"
31854	"Suffolk, United Kingdom"
31856	"Great Bend, KS"
31859	"Galbraith Lake, AK"
31862	"Great Barrington, MA"
31865	"Gillette, WY"
31866	"Guernsey, United Kingdom"
31867	"Garden City, KS"
31868	"Grand Cayman, Cayman Islands"
31871	"Greenville/Spartanburg, SC"
31874	"Guadalajara, Mexico"
31876	"Gdansk, Poland"
31878	"Grand Turk, Turks and Caicos Islands"
31879	"Glendive, MT"
31881	"Magadan, Russia"
31883	"Georgetown, DE"
31884	"Spokane, WA"
31885	"Ganes Creek, AK"
31888	"Georgetown, Guyana"
31895	"Great Falls, MT"
31898	"Grand Forks, ND"
31899	"Glens Falls, NY"
31905	"Longview, TX"
31908	"Glasgow, MT"
31910	"Governors Harbour, The Bahamas"
31914	"Gibraltar, Gibraltar"
31915	"Rio de Janeiro, Brazil"
31921	"Grand Junction, CO"
31924	"Gulkana, AK"
31928	"Glasgow, United Kingdom"
31931	"Greenville, MS"
31938	"Gaylord, MI"
31941	"Golovin, AK"
31945	"Seoul, South Korea"
31950	"Grenada, Grenada"
31952	"Goodnews Bay, AK"
31953	"Gainesville, FL"
31954	"Genoa, Italy"
31959	"Gold Beach, OR"
31961	"New London/Groton, CT"
31966	"Gothenburg, Sweden"
31973	"Gulfport/Biloxi, MS"
31977	"Green Bay, WI"
31979	"Tacoma, WA"
31980	"Grand Island, NE"
31982	"Killeen, TX"
31986	"Grand Rapids, MI"
31987	"Grosseto, Italy"
31992	"Goldsboro, NC"
31994	"Goshen, IN"
31995	"Greensboro/High Point, NC"
31997	"Gustavus, AK"
32001	"Genting, Malaysia"
32008	"Georgetown, TX"
32010	"Guatemala City, Guatemala"
32012	"Gunnison, CO"
32016	"Guam, TT"
32018	"Gallup, NM"
32021	"Peru, IN"
32026	"Geneva, Switzerland"
32039	"Greenwood, MS"
32046	"Mildenhall, United Kingdom"
32051	"Guayaquil, Ecuador"
32052	"Guaymas, Mexico"
32064	"Hannover, Germany"
32066	"Hamburg, Germany"
32068	"Hamilton, OH"
32070	"Harrisburg, PA"
32073	"Havana, Cuba"
32079	"Hobart Bay, AK"
32083	"Hebbronville, TX"
32086	"Shoal Cove, AK"
32087	"Holy Cross, AK"
32101	"Helsinki, Finland"
32103	"Hermiston, OR"
32105	"Santo Domingo, Dominican Republic"
32115	"Hangzhou, China"
32119	"Hagerstown, MD"
32122	"Hogatza, AK"
32124	"Hilton Head, SC"
32125	"Hahn, Germany"
32126	"Hong Kong, Hong Kong"
32128	"Hiawatha, KS"
32129	"Hibbing, MN"
32131	"Ogden, UT"
32132	"Lake Havasu City, AZ"
32133	"Hiroshima, Japan"
32134	"Honolulu, HI"
32136	"Hillsboro, OR"
32141	"Healy, AK"
32142	"Hakodate, Japan"
32149	"Hickory, NC"
32153	"Wheeling, WV"
32154	"Hollister, CA"
32155	"Holland, MI"
32156	"Helena, MT"
32164	"Hermosillo, Mexico"
32169	"Tokyo, Japan"
32171	"Hoonah, AK"
32174	"Hana, HI"
32177	"Hobbs, NM"
32180	"Holguin, Cuba"
32185	"Huron, SD"
32187	"Hopkinsville, KY"
32190	"Hot Springs, AR"
32195	"Hooper Bay, AK"
32200	"Hoquiam, WA"
32206	"Harlingen/San Benito, TX"
32207	"Harrison, AR"
32211	"Las Vegas, NV"
32212	"Hastings, NE"
32214	"Huslia, AK"
32216	"Homestead, FL"
32222	"East Hampton, NY"
32223	"Ashland, WV"
32228	"Terre Haute, IN"
32233	"Houma, LA"
32235	"Hughes, AK"
32239	"Santa Cruz/Huatulco, Mexico"
32240	"Humberside, United Kingdom"
32244	"New Haven, CT"
32245	"Havre, MT"
32247	"Hayward, CA"
32250	"Hyannis, MA"
32252	"Hydaburg, AK"
32253	"Hollis, AK"
32255	"Hays, KS"
32260	"Shenandoah, IA"
32262	"Red Oak, IA"
32265	"Niagara Falls, NY"
32268	"Kiana, AK"
32279	"Icy Bay, AK"
32280	"Idaho Falls, ID"
32287	"Kiev, Ukraine"
32294	"Igiugig, AK"
32297	"Kingman, AZ"
32307	"De Kalb, IL"
32312	"Wilkesboro, NC"
32315	"Nikolski, AK"
32317	"Ankeny, IA"
32320	"Wilmington, DE"
32321	"Iliamna, AK"
32323	"Wilmington, NC"
32324	"Wilmington, OH"
32335	"Iron Mountain/Kingsfd, MI"
32336	"Auburn, IN"
32337	"Indianapolis, IN"
32338	"Yinchuan, China"
32343	"International Falls, MN"
32344	"Innsbruck, Austria"
32347	"Indian Springs, NV"
32348	"Winston-Salem, NC"
32350	"Inverness, United Kingdom"
32358	"Iowa City, IA"
32363	"El Centro, CA"
32365	"Williamsport, PA"
32368	"Iquique, Chile"
32369	"Iquitos, Peru"
32370	"Circle, AK"
32375	"Kirksville, MO"
32378	"Sturgis, MI"
32389	"Williston, ND"
32390	"Kinston, NC"
32394	"Wiscasset, ME"
32395	"Istanbul, Turkey"
32397	"Ithaca/Cortland, NY"
32400	"Osaka, Japan"
32402	"Hilo, HI"
32412	"Ironwood, MI"
32414	"Iwoto, Japan"
32436	"Inyokern, CA"
32441	"Jackson, WY"
32448	"Jackson/Vicksburg, MS"
32455	"Jonesboro, AR"
32457	"San Francisco, CA (Metropolitan Area)"
32467	"Miami, FL (Metropolitan Area)"
32472	"Jeddah, Saudi Arabia"
32474	"Jefferson City/Columbia, MO"
32476	"Jersey, United Kingdom"
32492	"Lahaina, HI"
32494	"Jamestown, NY"
32511	"Joplin, MO"
32516	"Mikonos Island, Greece"
32519	"Jamestown, ND"
32520	"Johannesburg, South Africa"
32523	"Juneau, AK"
32526	"Azraq, Jordan"
32538	"Iwakuni, Japan"
32544	"Cabarrus, NC"
32547	"Rochester, MN"
32549	"Kapolei, HI"
32556	"St. Cloud, MN"
32559	"Johnstown, PA"
32571	"Beloit/Janesville, WI"
32575	"Los Angeles, CA (Metropolitan Area)"
32576	"Jackson, MI"
32587	"Portland, TN"
32590	"San Clemente Island, CA"
32591	"Hog River, AK"
32598	"Arlington, TX"
32599	"Bennington, VT"
32600	"Little Rock, AR"
32610	"Kake, AK"
32615	"Kaltag, AK"
32621	"Birch Creek, AK"
32622	"Bell Island, AK"
32625	"Kabul, Afghanistan"
32631	"Chignik, AK"
32633	"Coffman Cove, AK"
32639	"Chernofski, AK"
32642	"Colorado Creek, AK"
32644	"Kochi, Japan"
32645	"Kandahar, Afghanistan"
32649	"Nanwalek, AK"
32651	"Reykjavik, Iceland"
32653	"Ekwok, AK"
32661	"Key Largo, FL"
32663	"False Pass, AK"
32671	"Koliganek, AK"
32676	"Grayling, AK"
32680	"Kaohsiung, Taiwan"
32681	"Karachi, Pakistan"
32685	"Khabarovsk, Russia"
32690	"Niigata, Japan"
32693	"Kingston, Jamaica"
32704	"Koyuk, AK"
32705	"Kitoi Bay, AK"
32708	"Kongiganak, AK"
32709	"Akiachak, AK"
32710	"Kitakyushu, Japan"
32711	"Kalakaket, AK"
32719	"Kalskag, AK"
32720	"Levelock, AK"
32721	"Larsen Bay, AK"
32735	"Kumamoto, Japan"
32737	"Manokotak, AK"
32739	"Komatsu, Japan"
32743	"Moser Bay, AK"
32745	"Kanab, UT"
32748	"Kokhanok, AK"
32755	"New Stuyahok, AK"
32758	"Kona, HI"
32763	"Kagoshima, Japan"
32769	"Kotlik, AK"
32771	"Olga Bay, AK"
32772	"Ouzinkie, AK"
32773	"Point Baker, AK"
32774	"Port Clarence, AK"
32778	"Napamute, AK"
32779	"Kipnuk, AK"
32782	"Port Williams, AK"
32784	"Perryville, AK"
32785	"Port Bailey, AK"
32786	"Akutan, AK"
32789	"Krakow, Poland"
32798	"Kosrae, Federated States of Micronesia"
32799	"Kosice, Slovakia"
32807	"St. Mary's, AK"
32815	"Thorne Bay, AK"
32822	"Brevig Mission, AK"
32831	"Kasigluk, AK"
32841	"King Cove, AK"
32844	"Kivalina, AK"
32845	"Kwajalein, Marshall Islands"
32847	"Waterfall, AK"
32849	"Kuwait, Kuwait"
32851	"Kwigillingok, AK"
32853	"Quinhagak, AK"
32854	"West Point, AK"
32855	"Kwethluk, AK"
32857	"Kasaan, AK"
32859	"Danville, KY"
32861	"Mount Sterling, KY"
32866	"Karluk, AK"
32868	"Koyukuk, AK"
32869	"Zachar Bay, AK"
32872	"Kazan, Russia"
32873	"Lamar, CO"
32875	"Pulau Layang-Layang, Malaysia"
32876	"Luanda, Angola"
32878	"Lafayette, IN"
32884	"Lansing, MI"
32886	"La Paz, Mexico"
32888	"Laramie, WY"
32891	"Lawton/Fort Sill, OK"
32896	"Lubbock, TX"
32898	"Latrobe, PA"
32899	"North Platte, NE"
32902	"Liberal, KS"
32908	"Libreville, Gabon"
32911	"Larnaca, Cyprus"
32913	"La Ceiba, Honduras"
32914	"A Coruna, Spain"
32916	"Laconia, NH"
32922	"Tarbes/Lourdes/Pyrenees, France"
32925	"Linden, NJ"
32932	"Lebanon-Hanover, NH"
32933	"St. Petersburg, Russia"
32938	"Leipzig, Germany"
32944	"Lewiston/Auburn, ME"
32945	"Lexington, KY"
32946	"Lajes, Portugal"
32951	"Lafayette, LA"
32955	"LaGrange, GA"
32956	"La Grande, OR"
32957	"Liege, Belgium"
32965	"Logan, UT"
32982	"Lihue, HI"
32983	"Long Island, AK"
32985	"Lille, France"
32986	"Lima, Peru"
32987	"Milan, Italy"
32990	"Liberia, Costa Rica"
32991	"Lisbon, Portugal"
32993	"Livengood, AK"
32999	"Lake Jackson, TX"
33003	"Kulik Lake, AK"
33008	"Lake Placid, NY"
33016	"Minchumina, AK"
33018	"Los Mochis, Mexico"
33020	"Lossiemouth, United Kingdom"
33024	"Klamath Falls, OR"
33029	"Lincoln, NE"
33032	"Lancaster, PA"
33034	"Lanai, HI"
33038	"Laredo, TX"
33040	"Lagos de Moreno, Mexico"
33043	"Lagos, Nigeria"
33044	"Louisville, KY"
33046	"London/Corbin, KY"
33048	"La Paz, Bolivia"
33049	"Lompoc, CA"
33055	"Lopez Island, WA"
33068	"La Romana, Dominican Republic"
33070	"Lathrop, CA"
33072	"Las Cruces, NM"
33076	"La Crosse, WI"
33081	"Las Piedras, Venezuela"
33095	"Loreto, Mexico"
33105	"Cincinnati, OH"
33109	"Kalaupapa, HI"
33111	"Cape Lisburne, AK"
33113	"Luxembourg, Luxembourg"
33115	"Lime Village, AK"
33120	"Las Vegas, NM"
33121	"Lewisburg, WV"
33122	"Lawrence, KS"
33123	"Lawrenceburg, TN"
33125	"Lawrence, MA"
33127	"Lewiston, ID"
33128	"Lewistown, MT"
33129	"Lawrenceville, IL"
33139	"Lynchburg, VA"
33140	"Lyon, France"
33144	"Ely, MN"
33151	"Lawrenceville, GA"
33152	"Edgartown, MA"
33155	"Macon, GA"
33158	"Midland/Odessa, TX"
33161	"Mangochi, Malawi"
33162	"Majuro, Marshall Islands"
33165	"Manchester, United Kingdom"
33166	"Manaus, Brazil"
33169	"Maracaibo, Venezuela"
33176	"Mayaguez, PR"
33177	"Mombasa, Kenya"
33180	"Montego Bay, Jamaica"
33182	"Manistee/Ludington, MI"
33184	"Saginaw/Bay City/Midland, MI"
33192	"Sacramento, CA"
33193	"Mackinac Island, MI"
33194	"Merced, CA"
33195	"Tampa, FL (Metropolitan Area)"
33196	"McGrath, AK"
33198	"Kansas City, MO"
33200	"McCook, NE"
33211	"Mason City, IA"
33214	"San Antonio, TX"
33219	"Medford, WI"
33221	"Carbondale, IL"
33226	"Middleton Island, AK"
33228	"Medfra, AK"
33234	"Midway Island, TT"
33236	"Rangeley, ME"
33238	"Melbourne, Australia"
33241	"Meridian, MS"
33244	"Memphis, TN"
33246	"Manteo, NC"
33249	"Atwater, CA"
33252	"Mexico City, Mexico"
33255	"Mansfield, OH"
33256	"Mission/McAllen/Edinburg, TX"
33259	"Mesquite, NV"
33264	"Medford, OR"
33269	"Managua, Nicaragua"
33273	"Marietta, GA"
33274	"Maringa, Brazil"
33277	"Montgomery, AL"
33278	"Magangue, Colombia"
33280	"Moultrie/Thomasville, GA"
33282	"Morgantown, WV"
33289	"Marsh Harbour, The Bahamas"
33290	"Manhattan/Ft. Riley, KS"
33297	"Mojave, CA"
33304	"Minot, ND"
33306	"Merida, Mexico"
33307	"Muncie/Anderson/Newcastle, IN"
33316	"Omaha, NE"
33321	"Millville, NJ"
33331	"Mitiga, Libya"
33337	"Murcia, Spain"
33338	"Toms River, NJ"
33342	"Milwaukee, WI"
33344	"Muskegon, MI"
33347	"Hoolehua, HI"
33348	"Jackson, TN"
33359	"Malta, Malta"
33360	"Melbourne, FL"
33367	"Quad Cities, IL (Metropolitan Area)"
33369	"Marshall, AK"
33370	"Morelia, Mexico"
33375	"Miles City, MT"
33377	"Monroe, LA"
33381	"Manley Hot Springs, AK"
33388	"Mammoth Lakes, CA"
33389	"Athens, TN"
33390	"Matsumoto, Japan"
33398	"Morristown, NJ"
33408	"Manila, Philippines"
33409	"Marinette, MI"
33415	"Minto, AK"
33418	"Manassas, VA"
33420	"Washington, MO"
33424	"Modesto, CA"
33431	"Morristown, TN"
33432	"Moses Point, AK"
33434	"Mountain Village, AK"
33436	"Oaxaca, Mexico"
33443	"Montpellier, France"
33450	"Montpelier/Barre, VT"
33452	"Macomb, IL"
33458	"Mustique, Saint Vincent and the Grenadines"
33459	"Marquette, MI"
33461	"Smyrna, TN"
33463	"Martinsburg, WV"
33464	"Columbia, TN"
33469	"Marco Island, FL"
33470	"Morganton, NC"
33472	"Marseille, France"
33478	"Grenada, MS"
33480	"Mesa, AZ"
33481	"Manston, United Kingdom"
33483	"Misawa, Japan"
33484	"Muscle Shoals, AL"
33485	"Madison, WI"
33486	"Missoula, MT"
33490	"Massena, NY"
33491	"Maastricht, Netherlands"
33493	"Monticello, NY"
33495	"New Orleans, LA"
33498	"Mt. Clemens, MI"
33501	"Marathon, FL"
33502	"Montrose/Delta, CO"
33504	"Metlakatla, AK"
33506	"Mattoon/Charleston, IL"
33507	"Montauk Point, NY"
33512	"Manitowoc, WI"
33514	"Monterrey, Mexico"
33518	"Munich, Germany"
33520	"Kamuela, HI"
33523	"Moultrie, GA"
33525	"Mountain Home, ID"
33532	"Montevideo, Uruguay"
33536	"Kayenta, AZ"
33537	"Mount Vernon, IL"
33540	"Burlington/Mount Vernon, WA"
33541	"Martha's Vineyard, MA"
33543	"Marion/Herrin, IL"
33546	"Moses Lake, WA"
33553	"Monticello, UT"
33554	"Maxton, NC"
33559	"Mexicali, Mexico"
33564	"McCarthy, AK"
33570	"San Diego, CA"
33572	"Marble Canyon, AZ"
33573	"Matsuyama, Japan"
33574	"May Creek, AK"
33575	"McCall, ID"
33579	"Mekoryuk, AK"
33587	"Marana, AZ"
33593	"Mazar-I-Sherif, Afghanistan"
33594	"Mazatlan, Mexico"
33596	"Pottstown, PA"
33599	"North Adams, MA"
33602	"Nadi, Fiji"
33604	"Naples, Italy"
33605	"Nassau, The Bahamas"
33606	"Natal, Brazil"
33621	"Shelby, NC"
33623	"Kenansville, NC"
33625	"Nice, France"
33628	"Newcastle, United Kingdom"
33637	"Kindred, ND"
33652	"New Bight, The Bahamas"
33654	"Nevis, Saint Kitts and Nevis"
33662	"Kaneohe, HI"
33664	"Nagoya, Japan"
33666	"Nagasaki, Japan"
33667	"Norfolk, VA (Metropolitan Area)"
33671	"Patuxent River, MD"
33674	"Brunswick, ME"
33676	"Nikolai, AK"
33681	"Ninilchik, AK"
33685	"Berlin, NJ"
33691	"Nouakchott, Mauritania"
33692	"Nanjing, China"
33693	"Naukiti, AK"
33697	"Cherry Point, NC"
33704	"Nelson Lagoon, AK"
33710	"Nightmute, AK"
33714	"Naknek, AK"
33715	"Nondalton, AK"
33728	"Pensacola, FL"
33731	"Newport, RI"
33737	"Newquay, United Kingdom"
33739	"Mayport, FL"
33743	"Ceiba, PR"
33754	"Sigonella, Italy"
33756	"Port Hueneme, CA"
33757	"Nantes, France"
33763	"Oceana, VA"
33765	"Nuremberg, Germany"
33767	"Nuiqsut, AK"
33768	"Nulato, AK"
33770	"Nunapitchuk, AK"
33771	"Mountain View, CA"
33772	"Whidbey Island, WA"
33777	"Navegantes, Brazil"
33781	"Kingston, NY"
33782	"Fulton, NY"
33783	"Oneonta, NY"
33785	"Yuma, AZ"
33786	"Nykoping, Sweden"
33792	"Redding, CA"
33794	"Bagram, Afghanistan"
33795	"Jacksonville/Camp Lejeune, NC"
33803	"Obihiro, Japan"
33806	"Kobuk, AK"
33808	"Ocean City, MD"
33809	"Ocala, FL"
33821	"Oak Harbor, WA"
33825	"Norfolk, NE"
33827	"Ogallala, NE"
33830	"Kahului, HI"
33832	"Ogdensburg, NY"
33836	"Marysville, OH"
33841	"Northeast Cape, AK"
33847	"Oita, Japan"
33851	"Oklahoma City, OK"
33853	"Okayama, Japan"
33854	"Kokomo/Logansport/Peru, IN"
33860	"Olbia, Italy"
33862	"Wolf Point, MT"
33863	"Old Harbor, AK"
33865	"Olympia, WA"
33868	"Nogales, AZ"
33869	"Columbus, NE"
33873	"Nome, AK"
33876	"Omak, WA"
33890	"Newport, OR"
33893	"Cobol, AK"
33894	"Toksook, AK"
33899	"Ophir, AK"
33900	"Porto, Portugal"
33903	"Cinder River Lodge, AK"
33908	"Vrems, AK"
33912	"Telaquana Lake, AK"
33914	"Pumice, AK"
33917	"Sandy, AK"
33926	"Gleneden, OR"
33927	"Florence, OR"
33928	"Orebro, Sweden"
33932	"Paramaribo, Suriname"
33933	"Worcester, MA"
33934	"Port Lions, AK"
33937	"Oran, Algeria"
33940	"Northway, AK"
33942	"Noorvik, AK"
33947	"Oscoda, MI"
33949	"Oshkosh, WI"
33950	"Osijek, Croatia"
33954	"Osan, South Korea"
33956	"Ostrava, Czech Republic"
33957	"Ostend, Belgium"
33964	"North Bend/Coos Bay, OR"
33968	"Anacortes, WA"
33970	"Kotzebue, AK"
33971	"Ouagadougou, Burkina Faso"
33976	"Norman, OK"
33983	"Owensboro, KY"
33984	"Norwood, MA"
33987	"Waterbury, CT"
33988	"Oxnard/Ventura, CA"
34003	"Paderborn, Germany"
34004	"Everett, WA"
34006	"Paducah, KY"
34012	"Port-au-Prince, Haiti"
34013	"Palmer, AK"
34015	"Paros, Greece"
34022	"Puebla, Mexico"
34025	"Plattsburgh, NY"
34027	"West Palm Beach/Palm Beach, FL"
34028	"Pack Creek, AK"
34034	"Pikeville, KY"
34037	"Portage Creek, AK"
34040	"Painter Creek, AK"
34044	"Princeton, NJ"
34046	"Pedro Bay, AK"
34051	"Ponta Delgada, Portugal"
34054	"Pendleton, OR"
34057	"Portland, OR"
34062	"Pelican, AK"
34066	"Beijing, China"
34081	"Page, AZ"
34082	"Punta Gorda, FL"
34088	"Port Graham, AK"
34089	"Pagosa Springs, CO"
34092	"Greenville, NC"
34100	"Philadelphia, PA"
34101	"Port Huron, MI"
34102	"Point Hope, AK"
34108	"Peoria, IL"
34109	"Hattiesburg/Laurel, MS"
34113	"Pocatello, ID"
34119	"Pilot Point, AK"
34120	"Pierre, SD"
34125	"Point Lay, AK"
34130	"Napaskiak, AK"
34131	"Parkersburg, WV"
34132	"Petropavlovsk-Kamchatsky, Russia"
34150	"Pellston, MI"
34153	"Providenciales, Turks and Caicos Islands"
34162	"Palmdale/Lancaster, CA"
34166	"Palma Mallorca, Spain"
34167	"Port Moller, AK"
34168	"Palermo, Italy"
34174	"Porlamar, Venezuela"
34178	"Pamplona, Spain"
34186	"Pohnpei, Federated States of Micronesia"
34196	"Porto Alegre, Brazil"
34206	"Port Moresby, Papua New Guinea"
34207	"Puerto Plata, Dominican Republic"
34210	"Port of Spain, Trinidad and Tobago"
34212	"Poughkeepsie, NY"
34218	"Prospect Creek, AK"
34222	"Pago Pago, TT"
34228	"Papeete, French Polynesia"
34229	"Port Protection, AK"
34231	"Presque Isle/Houlton, ME"
34234	"Pilot Station, AK"
34236	"Paso Robles/San Luis Obispo, CA"
34237	"Prescott, AZ"
34239	"Prague, Czech Republic"
34250	"Pisa, Italy"
34252	"Pasco/Kennewick/Richland, WA"
34254	"Ponce, PR"
34255	"Pittsfield, MA"
34256	"Petersburg, AK"
34258	"Dublin, VA"
34259	"Portsmouth, NH"
34262	"Palm Springs, CA"
34268	"Port Alsworth, AK"
34270	"Port Alexander, AK"
34273	"Port Heiden, AK"
34275	"Pontiac, MI"
34278	"Pointe A Pitre, Guadeloupe"
34283	"Porterville, CA"
34286	"Panama City, Panama"
34288	"Pueblo, CO"
34289	"Price, UT"
34293	"Punta Cana, Dominican Republic"
34299	"Busan, South Korea"
34303	"Pullman, WA"
34306	"Provincetown, MA"
34309	"Shanghai, China"
34312	"Puerto Vallarta, Mexico"
34313	"Provideniya, Russia"
34314	"Provo, UT"
34316	"Pope Vanoy, AK"
34321	"Portland, ME"
34323	"Bremerton, WA"
34332	"Plymouth, MA"
34364	"Verona, Italy"
34371	"Culpeper, VA"
34408	"Singapore, Singapore"
34412	"Keyes Point, AK"
34424	"Woodlake, CA"
34430	"Peachtree City, GA"
34431	"Window Rock, AZ"
34433	"Santa Rosa, CA"
34435	"San Marcos, TX"
34440	"Queretaro, Mexico"
34441	"Southbridge, MA"
34447	"Racine, WI"
34448	"Tortola, British Virgin Islands"
34451	"Praia, Cape Verde"
34453	"Marrakech, Morocco"
34454	"Riverside, CA"
34457	"Rapid City, SD"
34458	"Avarua, Cook Islands"
34463	"Rabat, Morocco"
34464	"Ugashik, AK"
34467	"Roseburg, OR"
34468	"Brooks Lodge, AK"
34474	"Ruby, AK"
34477	"Roche Harbor, WA"
34485	"Red Dog, AK"
34488	"Reading, PA"
34489	"Bend/Redmond, OR"
34490	"Red River, ND"
34492	"Raleigh/Durham, NC"
34493	"Red Devil, AK"
34496	"Recife, Brazil"
34510	"Reynosa, Mexico"
34512	"Rockford, IL"
34514	"Rio Grande, Argentina"
34520	"Rhinelander, WI"
34524	"Richmond, VA"
34530	"Rifle, CO"
34534	"Riverton/Lander, WY"
34535	"Riga, Latvia"
34539	"Rockland, ME"
34543	"Rock Springs, WY"
34551	"Bornite/Ruby Creek, AK"
34553	"Rome, NY"
34554	"Rome, GA"
34557	"Stafford, VA"
34559	"Rampart, AK"
34561	"Ramstein, Germany"
34570	"Reno, NV"
34572	"Renton, WA"
34574	"Roanoke, VA"
34575	"Monrovia, Liberia"
34576	"Rochester, NY"
34577	"Rogers, AR"
34582	"Rota, TT"
34583	"Koror, Palau"
34588	"Roswell, NM"
34601	"Nixon Fork Mine, AK"
34610	"Harbor Springs, MI"
34614	"Salt Lake City, UT"
34615	"Parowan, UT"
34617	"Comanche, TX"
34618	"Mary Esther, FL"
34626	"Rock Sound, The Bahamas"
34627	"Russian Mission, AK"
34628	"Rosario, WA"
34630	"Ruston, LA"
34637	"Roatan Island, Honduras"
34645	"Riyadh, Saudi Arabia"
34648	"Rutland, VT"
34653	"Tulsa, OK"
34656	"Rocky Mount, NC"
34664	"Rzeszow, Poland"
34670	"Saratoga, WY"
34673	"Safford, AZ"
34674	"Santa Fe, NM"
34677	"San Salvador, El Salvador"
34681	"San Pedro Sula, Honduras"
34685	"Savannah, GA"
34689	"Santa Barbara, CA"
34691	"San Bernardino, CA"
34692	"Saint Barthelemy, Saint Barthelemy"
34695	"Sheboygan, WI"
34696	"South Bend, IN"
34697	"Salina, UT"
34699	"Steamboat Springs, CO"
34704	"Salisbury, MD"
34711	"Philipsburg/State College, PA"
34713	"Schenectady, NY"
34715	"Smith Cove, AK"
34716	"Stockton, CA"
34717	"Santiago, Chile"
34718	"Scammon Bay, AK"
34721	"Santiago de Compostela, Spain"
34722	"Santiago, Cuba"
34733	"Sendai, Japan"
34738	"Sandpoint, AK"
34744	"Sedona, AZ"
34745	"Sidney, MT"
34750	"Sebring, FL"
34751	"Selinsgrove, PA"
34761	"Sanford, FL"
34763	"San Fernando, Venezuela"
34765	"Grand Case, Saint Martin"
34767	"Sondre Stromfjord, Greenland"
34769	"Sanford, ME"
34778	"Smithfield, RI"
34781	"Sonderborg, Denmark"
34783	"Springfield, MO"
34785	"Springfield, OH"
34792	"Sugar Land, TX"
34793	"Stuttgart, AR"
34794	"St. George, UT"
34797	"Skagway, AK"
34802	"Staunton, VA"
34803	"Shenyang, China"
34804	"Shungnak, AK"
34805	"Shishmaref, AK"
34807	"Sharjah, United Arab Emirates"
34810	"Shelton, WA"
34812	"Sheridan, WY"
34816	"Shageluk, AK"
34818	"Sal Island, Cape Verde"
34819	"San Juan, PR"
34828	"Sitka, AK"
34832	"Los Cabos, Mexico"
34835	"Sarajevo, Bosnia and Herzegovina"
34838	"San Jose, Costa Rica"
34842	"San Angelo, TX"
34849	"St. Kitts, Saint Kitts and Nevis"
34854	"Thessaloniki, Greece"
34855	"Sitkinak, AK"
34856	"Shaktoolik, AK"
34863	"Skwentna, AK"
34865	"Sandusky, OH"
34867	"Salta, Argentina"
34871	"Salem, OR"
34875	"Saranac Lake/Lake Placid, NY"
34877	"Salina, KS"
34879	"San Luis Potosi, Mexico"
34880	"Sleetmute, AK"
34884	"St. Lucia, Saint Lucia"
34886	"Saltillo, Mexico"
34889	"Santa Maria, Portugal"
34895	"St. Michael, AK"
34899	"Somerville, NJ"
34904	"St. Moritz, Switzerland"
34905	"Santa Maria, CA"
34915	"Snyder, TX"
34918	"Shannon, Ireland"
34919	"St. Paul Island, AK"
34922	"Salinas/Monterey, CA"
34924	"Santa Clara, Cuba"
34927	"Sidney, NE"
34929	"Sofia, Bulgaria"
34938	"Pinehurst/Southern Pines, NC"
34942	"Seldovia, AK"
34943	"Show Low, AZ"
34945	"Charlotte Amalie, VI"
34952	"Springfield, IL"
34954	"Spangdahlem, Germany"
34955	"Saipan, TT"
34960	"Wichita Falls, TX"
34962	"Spencer, IA"
34964	"Springdale, AR"
34965	"Santa Ynez, CA"
34972	"Sequim, WA"
34986	"Sarasota/Bradenton, FL"
34987	"Stony River, AK"
34988	"Salisbury, NC"
34990	"Santa Cruz, Bolivia"
34991	"Salvador, Brazil"
34992	"Christiansted, VI"
34993	"Sumter, SC"
35003	"Stuart Island, WA"
35009	"Santo Domingo, Venezuela"
35011	"Starkville, MS"
35012	"St. George Island, AK"
35013	"Santiago, Dominican Republic"
35014	"St. Joseph, MO"
35022	"Stuttgart, Germany"
35030	"Stuart, FL"
35033	"Sturgeon Bay, WI"
35041	"Sun Valley/Hailey/Ketchum, ID"
35042	"Sunriver, OR"
35045	"Fairfield, CA"
35048	"Sioux City, IA"
35049	"Savoonga, AK"
35051	"Silver City/Hurley, NM"
35052	"St. Vincent, Saint Vincent and the Grenadines"
35053	"Stavanger, Norway"
35054	"Statesville, NC"
35060	"Seville, Spain"
35061	"Stevens Village, AK"
35063	"Sparrevohn, AK"
35069	"Seward, AK"
35074	"Stillwater, OK"
35079	"Strasbourg, France"
35084	"St. Maarten, Sint Maarten"
35085	"Sheldon Point, AK"
35086	"Soldotna, AK"
35090	"Shemya, AK"
35091	"Seal Bay, AK"
35092	"Sydney, Australia"
35096	"Syracuse, NY"
35106	"Salzburg, Austria"
35108	"Knob Noster, MO"
35111	"San Cristobal, Mexico"
35112	"Schwerin, Germany"
35113	"Shenzhen, China"
35114	"Szczecin, Poland"
35115	"Tobago, Trinidad and Tobago"
35118	"Taegu, South Korea"
35123	"Takamatsu, Japan"
35124	"Tanana, AK"
35125	"Tampico, Mexico"
35127	"Qingdao, China"
35129	"Taranto, Italy"
35138	"Fort Leonard Wood, MO"
35141	"Statesboro, GA"
35142	"Tbilisi, Georgia"
35147	"Treasure Cay, The Bahamas"
35152	"Tenerife, Spain"
35153	"Tuscaloosa, AL"
35160	"Takotna, AK"
35163	"Roxboro, NC"
35165	"Toledo, OH"
35167	"Teterboro, NJ"
35170	"Tetlin, AK"
35171	"Tatitlek, AK"
35177	"Telluride, CO"
35192	"Tegucigalpa, Honduras"
35194	"Tuxtla Gutierrez, Mexico"
35202	"Thule, Greenland"
35203	"York, PA"
35210	"Tijuana, Mexico"
35214	"Tripoli, Libya"
35215	"Tinian, TT"
35221	"Titusville, FL"
35228	"Talkeetna, AK"
35231	"Tenakee, AK"
35232	"Truckee, CA"
35235	"Tokeen, AK"
35236	"Tok, AK"
35237	"Chuuk, Federated States of Micronesia"
35242	"Tokushima, Japan"
35244	"Turku, Finland"
35245	"Teller, AK"
35248	"Telida, AK"
35249	"Tallahassee, FL"
35250	"Tatalina, AK"
35252	"Tallinn, Estonia"
35254	"Toulon/Hyeres, France"
35256	"Toulouse, France"
35257	"Tuluksak, AK"
35258	"Tel Aviv, Israel"
35271	"Sparta, TN"
35276	"Winchester, TN"
35278	"Tin City, AK"
35282	"Tununak, AK"
35283	"Tainan, Taiwan"
35287	"Newton, IA"
35292	"Tozeur, Tunisia"
35293	"Togiak, AK"
35299	"Torrington, WY"
35300	"Tromso, Norway"
35303	"Toyama, Japan"
35306	"Taipei, Taiwan"
35312	"Tarapoto, Peru"
35317	"Torreon, Mexico"
35323	"Bristol/Johnson City/Kingsport, TN"
35326	"Turin, Italy"
35338	"Venice, Italy"
35339	"Tanacross, AK"
35342	"Taos, NM"
35343	"Tianjin, China"
35356	"Trenton, NJ"
35363	"Tucuman, Argentina"
35372	"Tunis, Tunisia"
35374	"Tupelo, MS"
35380	"Traverse City, MI"
35381	"Thief River Falls, MN"
35383	"Lake Tahoe, CA"
35385	"Twin Hills, AK"
35387	"Port Townsend, WA"
35388	"Taylor, AK"
35389	"Twin Falls, ID"
35395	"Port Isabel, TX"
35399	"Post, TX"
35401	"Texarkana, AR"
35406	"Tyonek, AK"
35411	"Tyler, TX"
35412	"Knoxville, TN"
35427	"Chatham, MA"
35428	"Ube, Japan"
35440	"Waukesha, WI"
35446	"Uganik, AK"
35447	"Waukegan, IL"
35454	"Quincy, IL"
35455	"Quito, Ecuador"
35458	"Ukiah, CA"
35466	"Ulyanovsk, Russia"
35467	"Umnak, AK"
35471	"Woomera, Australia"
35472	"Umiat, AK"
35477	"Union Island, Saint Vincent and the Grenadines"
35478	"Unalakleet, AK"
35481	"Oxford, MS"
35497	"St. Augustine, FL"
35498	"Heber, UT"
35502	"Tunica, MS"
35504	"Utopia, AK"
35505	"Utapao, Thailand"
35508	"Kuparuk, AK"
35509	"Yuzhno-Sakhalinsk, Russia"
35511	"Uvalde, TX"
35515	"Lik Camp, AK"
35525	"Petaluma, CA"
35527	"47-Mile Mine, AK"
35529	"Fitchburg, MA"
35530	"Bay St. Louis, MS"
35532	"Monument Valley, UT"
35534	"Lorain/Elyria, OH"
35539	"Circle, MT"
35548	"Leesburg, VA"
35550	"Valdosta, GA"
35554	"Chevak, AK"
35569	"Victoria, TX"
35570	"Victorville, CA"
35579	"Valdez, AK"
35581	"Venetie, AK"
35582	"Vernal, UT"
35584	"Veracruz, Mexico"
35595	"Vienna, Austria"
35599	"Kavik River, AK"
35601	"Visalia, CA"
35602	"Vitoria, Spain"
35606	"Valencia, Spain"
35610	"Valencia, Venezuela"
35615	"Venice, FL"
35620	"Camp Douglas, WI"
35625	"Valparaiso, IN"
35626	"Vieques, PR"
35628	"Vero Beach, FL"
35632	"Villahermosa, Mexico"
35640	"Vancouver, WA"
35650	"Chelan, WA"
35656	"Saratoga Springs, NY"
35659	"Parker, AZ"
35671	"Granite Creek Mine, AK"
35675	"Peru, IL"
35676	"Marvel Creek Mine, AK"
35680	"Frazer Lake, AK"
35688	"Jensens Strip, AK"
35689	"Wildman Creek, AK"
35693	"Katmai Bay, AK"
35700	"Katmai Lodge, AK"
35705	"Medical Lake, WA"
35706	"Winthrop, WA"
35707	"Stehekin, WA"
35709	"Wales, AK"
35718	"Warsaw, Poland"
35721	"Stebbins, AK"
35725	"Beaver, AK"
35731	"Chandalar, AK"
35749	"Winchester, VA"
35754	"Hyder, AK"
35774	"Aleknagik, AK"
35791	"Winnemucca, NV"
35793	"Meyers Chuck, AK"
35794	"White Mountain, AK"
35798	"Napakiak, AK"
35805	"Wood River, AK"
35807	"Willow, AK"
35820	"Dorris, CA"
35824	"Bluff, AK"
35841	"Wrangell, AK"
35842	"Fort Dix, NJ"
35843	"Worland, WY"
35846	"Steamboat Bay, AK"
35849	"Wasilla, AK"
35853	"South Naknek, AK"
35855	"Westerly, RI"
35856	"Westsound, WA"
35862	"Tuntutuliak, AK"
35877	"Watsonville, CA"
35885	"Whale Pass, AK"
35887	"Newtok, AK"
35892	"Pinedale, WY"
35894	"Yes Bay, AK"
35897	"West Yellowstone, MT"
35906	"Chalons-En-Champagne, France"
35918	"Marmande, France"
35929	"South Caicos, Turks and Caicos Islands"
35934	"Granite Point, AK"
35939	"Jerome, ID"
35941	"Aztec, NM"
35944	"Port Orchard, WA"
35956	"Driggs, ID"
35973	"Lakeport, CA"
35978	"Ashland, OR"
35979	"Decatur, WA"
35980	"Lake City, FL"
35981	"Mena, AR"
35991	"Yakutat, AK"
35994	"Yap, Federated States of Micronesia"
35999	"Tofino, Canada"
36004	"Saguenay, Canada"
36007	"Campbell River, Canada"
36016	"Nanaimo, Canada"
36017	"Cortes Bay, Canada"
36019	"Miramichi, Canada"
36022	"Charlo, Canada"
36029	"Dawson City, Canada"
36036	"Desolation Sound, Canada"
36039	"Edmonton, Canada"
36049	"Inuvik, Canada"
36050	"Iqaluit, Canada"
36051	"Fredericton, Canada"
36056	"Gillies Bay, Canada"
36057	"Gorge Harbor, Canada"
36063	"Greenway Sound, Canada"
36078	"Hamilton, Canada"
36081	"Sechelt, Canada"
36082	"Haines Junction, Canada"
36083	"Montreal, Canada"
36085	"Halifax, Canada"
36088	"Big Bay Marina, Canada"
36095	"Stephenville, Canada"
36097	"Kitchener, Canada"
36101	"Yakima, WA"
36106	"Toronto, Canada"
36115	"Kelowna, Canada"
36116	"Mayo, Canada"
36121	"Fort McMurray, Canada"
36123	"Port McNeill, Canada"
36131	"Quebec, Canada"
36133	"Youngstown/Warren, OH"
36136	"Nootka Sound, Canada"
36139	"Yantai, China"
36141	"Old Crow, Canada"
36142	"Cold Lake, Canada"
36149	"Ottawa, Canada"
36156	"Peterborough, Canada"
36158	"Port Hawkesbury, Canada"
36159	"Powell River, Canada"
36162	"Muskoka, Canada"
36166	"Windsor, Canada"
36171	"Moncton, Canada"
36173	"Regina, Canada"
36174	"Thunder Bay, Canada"
36175	"Grande Prairie, Canada"
36178	"Gander, Canada"
36179	"Sydney, Canada"
36189	"Sherbrooke, Canada"
36191	"Saint John, Canada"
36194	"Salmon Arm, Canada"
36201	"Pembroke, Canada"
36203	"Alma, Canada"
36204	"Sullivan Bay, Canada"
36208	"La Macaza, Canada"
36213	"Trenton, Canada"
36216	"Tuktoyaktuk, Canada"
36223	"Bonaventure, Canada"
36232	"Winnipeg, Canada"
36233	"Victoria, Canada"
36240	"Cranbrook, Canada"
36242	"Saskatoon, Canada"
36250	"Prince George, Canada"
36252	"London, Canada"
36253	"Abbotsford, Canada"
36254	"Whitehorse, Canada"
36258	"Smithers, Canada"
36260	"Penticton, Canada"
36261	"Charlottetown, Canada"
36267	"Goose Bay, Canada"
36268	"St. John's, Canada"
36273	"Yellowknife, Canada"
36278	"Port Hardy, Canada"
36279	"Sept-Iles, Canada"
36282	"Zagreb, Croatia"
36285	"Zamboanga, Philippines"
36286	"Zaragoza, Spain"
36293	"Zacatecas, Mexico"
36295	"Bella Bella, Canada"
36304	"Ixtapa/Zihuatanejo, Mexico"
36306	"Manzanillo, Mexico"
36311	"Nyac, AK"
36321	"Zurich, Switzerland"
36322	"San Salvador, The Bahamas"
36328	"Tahsis, Canada"
36334	"Rota, Spain"
36337	"San Isidro, Dominican Republic"
36339	"Illinois Creek, AK"
36340	"Chomondely Sound, AK"
36345	"Saltery Cove, AK"
36346	"Clover Bay, AK"
36347	"El Capitan, AK"
36352	"Cloverdale, CA"
36353	"North Kingstown, RI"
36363	"Fernandina Beach, FL"
36390	"Beluga, AK"
36399	"Sanandaj, Iran"
36412	"Slaton, TX"
36419	"Sewanee, TN"
36422	"Gulf Shores, AL"
36423	"Andalusia/Opp, AL"
36427	"Frankfort, MI"
36428	"Potsdam, NY"
36431	"Middlebury, VT"
36433	"Aberdeen, ID"
36439	"Ulan-Ude, Russia"
36440	"International Seafoods, AK"
36442	"Plainville, CT"
36443	"Millbrook, NY"
36448	"Paragould, AR"
36449	"Salome, AZ"
36451	"Gregory, SD"
36452	"Hamilton, NY"
36453	"Demopolis, AL"
36454	"Chatham Kent, Canada"
36456	"Fremont, OH"
36457	"Barcelos, Brazil"
36459	"Muan, South Korea"
36460	"Michellville, MD"
36462	"Philadelphia, MS"
36466	"Independence Creek, AK"
36467	"Jefferson, GA"
36468	"Lebel-sur-Quevillon, Canada"
36469	"Montague, MA"
36476	"Greenwood, Canada"
36477	"Taunton, MA"
36480	"Bear Fish Camp, AK"
36485	"Simsbury, CT"
36486	"Logan, WV"
36488	"Skaneateles, NY"
36489	"Johnstown, NY"
36490	"Princeton, ME"
36492	"Red Wing, MN"
36493	"Madison, CT"
36494	"Oxford, NC"
36495	"Islesboro, ME"
36496	"Honesdale, PA"
36499	"Cheongju, South Korea"
36500	"Squaw Lake, AK"
36501	"Sevierville, TN"
36502	"Beaufort, NC"
36507	"Chemehuevi Valley, CA"
36508	"Centralia, Canada"
36509	"Carlisle, PA"
36510	"Middletown, DE"
36511	"Big Piney, WY"
36514	"Petersburg, WV"
